Id,Label,count,rate,type,in_degree,out_degree,total_degree,community
101,Wheeler,6992,0.0029280602563979,PERSON,49,31,80,1
397,YouTube,15678,0.0029581271609771,ORG,34,21,55,3
398,The Associated Press,14755,0.0027839753961103,ORG,27,15,42,1
399,The Wall Street Journal,11169,0.0021073684309831,ORG,13,46,59,3
400,NBC,7308,0.0013788744286529,ORG,34,15,49,1
401,the National Weather Service,30438,0.0057430459577639,ORG,23,26,49,1
402,The National Weather Service,7434,0.0014026481256987,ORG,0,12,12,1
403,Apple,91630,0.0172887607960415,ORG,117,76,193,3
404,Airbnb,11765,0.0022198217916122,ORG,12,15,27,3
405,AT&T,11194,0.0021120854343652,ORG,24,31,55,1
406,Business Insider,13280,0.0025056721965669,ORG,34,9,43,3
407,the Environmental Protection Agency,36491,0.0068851268166359,ORG,159,29,188,1
408,Sanders,27302,0.0051513450535144,ORG,89,148,237,1
409,The European Union,9727,0.0018352916759041,ORG,0,33,33,3
410,G Crosse,8308,0.0015675545639366,ORG,22,0,22,2
411,the Energy Department,8442,0.0015928377020646,ORG,43,21,64,1
412,LNG,53100,0.0100189151835622,ORG,56,43,99,3
413,the Interior Department,11008,0.0020769909292025,ORG,53,7,60,1
1,Europe,197395,0.252718003605228,LOC,229,143,372,3
2,Asia,98384,0.125957638575935,LOC,88,78,166,3
3,Earth,69825,0.0893945368511615,LOC,97,57,154,1
4,Mars,37064,0.04745175959687,LOC,102,60,162,3
5,North America,36192,0.0463353681019296,LOC,33,28,61,3
6,Africa,34216,0.0438055635216519,LOC,21,33,54,3
7,the Middle East,33250,0.0425688270719816,LOC,31,23,54,3
8,Antarctica,18620,0.0238385431603097,LOC,11,14,25,1
9,the East Coast,18408,0.0235671268794297,LOC,44,18,62,1
10,Southern California,15675,0.0200681613339342,LOC,12,7,19,1
11,Silicon Valley,14008,0.0179339587856938,LOC,31,42,73,3
12,Northern California,12528,0.0160391658814372,LOC,10,7,17,1
13,Laurie Goering,6776,0.0028376053056853,PERSON,2,5,7,0
14,Trump,53340,0.0223373475509531,PERSON,3558,5187,8745,1
15,Richard Valdmanis,7742,0.0032421399463719,PERSON,9,21,30,2
16,Hyperallergic,1281,0.0005364481104756,PERSON,5,0,5,3
17,Twitter,44125,0.0184783550934722,PERSON,896,234,1130,1
18,Paul Simao,3776,0.0015812865457892,PERSON,13,0,13,2
19,Susan Heavey,1369,0.0005733001274326,PERSON,5,5,10,2
20,Stephen Addison,4160,0.0017420953470559,PERSON,17,2,19,0
21,Lefteris Karagiannopoulos,1144,0.0004790762204403,PERSON,0,14,14,0
22,Gabrielle TÃ©trault-Farber,1221,0.0005113217352777,PERSON,9,14,23,0
23,Vladimir Soldatkin,17220,0.0072112696818037,PERSON,25,74,99,0
24,Otto,2204,0.0009229755156036,PERSON,27,25,52,3
25,Shivani Singh,1287,0.0005389607479954,PERSON,1,20,21,0
26,Christian Schmollinger,8988,0.0037639310046488,PERSON,24,1,25,0
27,Tom Balmforth,6900,0.002889533147761,PERSON,21,19,40,0
28,Jason Neely,27692,0.0115966596996812,PERSON,80,4,84,0
29,Hess,1260,0.0005276538791563,PERSON,5,3,8,3
30,Marguerita Choy,8160,0.0034171870269174,PERSON,22,1,23,2
31,Jeff Bezos,1260,0.0005276538791563,PERSON,15,16,31,1
32,Shadia Nasralla,2360,0.0009883040911182,PERSON,1,28,29,0
33,Fransiska Nangoy,3776,0.0015812865457892,PERSON,2,29,31,0
34,Ed Davies,3190,0.0013358856146895,PERSON,7,19,26,0
35,Bernie Sanders,3560,0.0014908315950767,PERSON,16,27,43,1
36,Cooper,1440,0.0006030330047501,PERSON,12,8,20,1
37,Clinton,41684,0.0174561303958367,PERSON,289,211,500,1
38,Olzhas Auyezov,2835,0.0011872212281018,PERSON,2,36,38,0
39,Richard Pullin,15106,0.0063259837289969,PERSON,38,2,40,0
40,Donald Trump,55762,0.0233516155631093,PERSON,78,111,189,1
41,Schumer,3977,0.0016654599027023,PERSON,22,76,98,1
42,Timothy Gardner,3626,0.0015184706077944,PERSON,2,35,37,2
43,Grant McCool,11154,0.0046709931492938,PERSON,30,0,30,2
44,David Shepardson,4914,0.0020578501287098,PERSON,0,36,36,2
45,Diane Craft,5963,0.0024971429217535,PERSON,16,0,16,2
46,Pruitt,48128,0.0201547030920936,PERSON,296,171,467,1
47,Motherboard,15540,0.0065077311762619,PERSON,23,14,37,3
48,Larry King,11534,0.0048301268588806,PERSON,34,0,34,0
49,Tassilo Hummel,1240,0.000519278420757,PERSON,11,8,19,0
50,Michelle Martin,5355,0.0022425289864145,PERSON,14,25,39,0
51,Li,2035,0.0008522028921295,PERSON,4,11,15,3
52,Kelly,6105,0.0025566086763886,PERSON,23,34,57,1
53,Putin,21414,0.0089676033081385,PERSON,120,74,194,1
54,Chris,2035,0.0008522028921295,PERSON,0,2,2,1
55,Cruz,5494,0.0023007384222897,PERSON,37,86,123,1
56,Dominique Patton,2688,0.0011256616088669,PERSON,1,26,27,0
57,Tom Hogue,1482,0.0006206214673886,PERSON,5,0,5,0
58,Gopakumar Warrier,1150,0.0004815888579601,PERSON,6,0,6,0
59,Brown,15540,0.0065077311762619,PERSON,33,46,79,3
60,Musk,34207,0.0143249652732556,PERSON,77,198,275,3
61,Wright,1888,0.0007906432728946,PERSON,5,4,9,3
62,Bloomberg,46752,0.0195784715542213,PERSON,62,84,146,3
63,Michael Holden,3294,0.0013794379983659,PERSON,14,20,34,0
64,Perry,19023,0.0079663172565013,PERSON,192,228,420,1
65,Ron Bousso,5070,0.0021231787042244,PERSON,3,37,40,0
66,Louise Heavens,15957,0.0066823594838875,PERSON,56,4,60,0
67,Facebook,2355,0.0009862102265184,PERSON,48,20,68,3
68,Zuckerberg,2775,0.0011620948529039,PERSON,5,23,28,3
69,Khan,1452,0.0006080582797897,PERSON,6,10,16,1
70,Cohen,4532,0.001897878873283,PERSON,31,39,70,3
71,John Kilduff,2280,0.000954802257521,PERSON,20,1,21,3
72,Sonali Paul,2688,0.0011256616088669,PERSON,3,18,21,0
73,Stephen Coates,2255,0.0009443329345219,PERSON,5,1,6,0
74,Inslee,1890,0.0007914808187345,PERSON,10,27,37,1
75,Uber,17910,0.0075002229965798,PERSON,118,96,214,3
76,Ryan,4134,0.0017312072511368,PERSON,29,32,61,1
77,Trudeau,10251,0.004292841202565,PERSON,17,27,44,1
78,Edmund Blair,10952,0.0045864010194608,PERSON,44,4,48,0
79,Alissa de Carbonnel,1640,0.0006867875887432,PERSON,1,12,13,0
80,Philip Blenkinsop,3640,0.0015243334286739,PERSON,1,22,23,0
81,Cynthia Osterman,8190,0.0034297502145164,PERSON,22,1,23,2
82,Michael,5733,0.0024008251501615,PERSON,7,9,16,1
83,Lisa Shumaker,3904,0.0016348894795448,PERSON,17,3,20,2
84,David Stanway,2982,0.0012487808473367,PERSON,1,19,20,0
85,Darren Schuettler,3312,0.0013869759109253,PERSON,19,2,21,0
86,Andrew,1400,0.0005862820879515,PERSON,4,8,12,3
87,Irma,31146,0.0130431013652416,PERSON,48,34,82,1
88,Katya Golubkova,9438,0.0039523788186332,PERSON,27,31,58,0
89,Johnson,23306,0.009759921672713,PERSON,17,59,76,3
90,Nick Zieminski,1426,0.0005971701838706,PERSON,9,1,10,2
91,Maria Kiselyova,7084,0.0029665873650347,PERSON,24,29,53,0
92,Brexit,25032,0.0104827237325733,PERSON,35,26,61,3
93,James Davey,1426,0.0005971701838706,PERSON,7,15,22,0
94,Mark Potter,20114,0.0084231985121835,PERSON,65,0,65,0
95,Ed Osmond,4536,0.0018995539649629,PERSON,19,1,20,0
96,George W. Bush,2829,0.001184708590582,PERSON,8,17,25,1
97,Evans,1624,0.0006800872220237,PERSON,0,10,10,1
98,Marianna Parraga,2156,0.0009028744154453,PERSON,3,19,22,2
99,Jonathan Oatis,12628,0.0052882644333227,PERSON,28,2,30,2
100,Scott Pruitt,6105,0.0025566086763886,PERSON,42,34,76,1
102,Bolsonaro,6160,0.0025796411869867,PERSON,30,42,72,1
103,Macron,14558,0.0060964961688559,PERSON,74,176,250,1
104,Nina Chestney,3250,0.0013610119898874,PERSON,6,20,26,0
105,David Evans,28220,0.0118177718014229,PERSON,75,0,75,0
106,Paul Sandle,1665,0.0006972569117423,PERSON,5,19,24,0
107,Kate Holton,3819,0.0015992937813477,PERSON,20,17,37,0
108,Ernest Scheyder,2891,0.0012106725116199,PERSON,4,28,32,2
109,Dmitry Zhdannikov,4575,0.0019158861088415,PERSON,15,25,40,0
110,Dale Hudson,2350,0.0009841163619186,PERSON,18,3,21,0
111,Bush,6579,0.0027551070404522,PERSON,61,49,110,1
112,Polina Devitt,4730,0.0019807959114362,PERSON,23,46,69,0
113,Eikon,13632,0.005708712444968,PERSON,4,10,14,0
114,Michael Shields,1960,0.0008207949231321,PERSON,3,12,15,0
115,David Gregorio,8715,0.0036496059974982,PERSON,26,1,27,2
116,Powell,1824,0.0007638418060168,PERSON,32,7,39,1
117,Andrey Ostroukh,2070,0.0008668599443283,PERSON,15,12,27,0
118,Cook,3496,0.0014640301281989,PERSON,9,26,35,3
119,Zinke,17316,0.0072514718821204,PERSON,61,80,141,1
120,Susan Thomas,6726,0.0028166666596871,PERSON,41,1,42,0
121,Kim,18318,0.0076710823479257,PERSON,135,58,193,1
122,David,3526,0.0014765933157979,PERSON,0,10,10,3
123,David Milliken,3190,0.0013358856146895,PERSON,9,22,31,0
124,Susanna Twidale,1155,0.00048368272256,PERSON,1,13,14,0
125,Taylor,3920,0.0016415898462642,PERSON,2,4,6,3
126,Mark Zuckerberg,1161,0.0004861953600798,PERSON,1,10,11,3
127,David Goodman,9600,0.0040202200316676,PERSON,40,0,40,0
128,Netanyahu,1127,0.0004719570808009,PERSON,16,24,40,1
129,marijuana,7847,0.0032861111029683,PERSON,7,2,9,1
130,Stephen Jewkes,2950,0.0012353801138978,PERSON,3,21,24,0
131,Maduro,4545,0.0019033229212426,PERSON,5,5,10,1
132,Xi,3655,0.0015306150224734,PERSON,34,26,60,1
133,Chizu Nomiyama,12118,0.0050746902441404,PERSON,37,0,37,2
134,Will Dunham,1479,0.0006193651486287,PERSON,5,4,9,2
135,Kerry,1705,0.0007140078285409,PERSON,10,29,39,1
136,Rania El Gamal,7208,0.0030185152071104,PERSON,9,39,48,0
137,Alexander Smith,10011,0.0041923357017733,PERSON,49,1,50,0
138,Andrew Roche,1728,0.0007236396057001,PERSON,11,0,11,0
139,Extinction Rebellion,1200,0.0005025275039584,PERSON,2,3,5,3
140,Guy Faulconbridge,4968,0.0020804638663879,PERSON,19,15,34,0
141,Edward Taylor,3990,0.0016709039506618,PERSON,2,26,28,0
142,Vale,4410,0.0018467885770473,PERSON,3,3,6,3
143,William James,2418,0.0010125929204762,PERSON,6,21,27,0
144,Kylie MacLellan,1161,0.0004861953600798,PERSON,4,15,19,0
145,Anderson,2795,0.0011704703113032,PERSON,2,17,19,3
146,Williams,13916,0.0058276439542381,PERSON,19,24,43,3
147,Paul Carrel,1258,0.0005268163333164,PERSON,10,8,18,0
148,Barack Obama,3774,0.0015804489999493,PERSON,22,20,42,1
149,David Clarke,7747,0.0032442338109717,PERSON,35,1,36,0
150,Kirsten Donovan,10138,0.0042455198626089,PERSON,42,0,42,0
151,Dahlia Nehme,1599,0.0006696178990246,PERSON,1,19,20,0
152,Susan Fenton,6512,0.0027270492548145,PERSON,34,0,34,0
153,Hillary Clinton,17680,0.0074039052249878,PERSON,82,70,152,1
154,Britons,1225,0.0005129968269575,PERSON,2,15,17,3
155,Barry,1680,0.0007035385055418,PERSON,1,3,4,3
156,Elizabeth Piper,1564,0.0006549608468258,PERSON,9,17,26,0
157,Gus Trompiz,1292,0.0005410546125952,PERSON,4,14,18,0
158,Nick Macfie,3381,0.0014158712424029,PERSON,20,2,22,0
159,Andrew Osborn,1260,0.0005276538791563,PERSON,11,8,19,0
160,Jackson,6192,0.0025930419204256,PERSON,12,27,39,3
161,Elliott,2100,0.0008794231319272,PERSON,5,10,15,3
162,Green,1458,0.0006105709173095,PERSON,3,6,9,1
163,Bernadette Baum,7296,0.0030553672240673,PERSON,19,0,19,2
164,Paul,2940,0.0012311923846982,PERSON,5,11,16,1
165,Gwladys Fouche,2480,0.0010385568415141,PERSON,7,7,14,0
166,Jose,1792,0.0007504410725779,PERSON,9,5,14,1
167,Sanjeev Miglani,1363,0.0005707874899128,PERSON,5,0,5,0
168,Miller,5616,0.0023518287185255,PERSON,10,37,47,3
169,Maria,17028,0.0071308652811704,PERSON,18,39,57,1
170,Joe Bavier,1326,0.000555292891874,PERSON,1,14,15,0
171,Lopez Obrador,1496,0.0006264842882682,PERSON,1,17,18,1
172,John Stonestreet,11280,0.0047237585372094,PERSON,30,1,31,0
173,Richard Lough,4366,0.0018283625685688,PERSON,10,10,20,0
174,William Schomberg,3528,0.0014774308616378,PERSON,14,19,33,0
175,Kevin Liffey,2958,0.0012387302972575,PERSON,21,2,23,0
176,Alan Baldwin,1242,0.0005201159665969,PERSON,2,9,11,0
177,Andy Bruce,2448,0.0010251561080752,PERSON,6,23,29,0
178,Jeffrey Benkoe,2208,0.0009246506072835,PERSON,14,0,14,2
179,Dave Sherwood,1575,0.0006595673489454,PERSON,0,14,14,2
180,Steve Orlofsky,1292,0.0005410546125952,PERSON,9,0,9,2
181,Bill Tarrant,1680,0.0007035385055418,PERSON,1,5,6,2
182,Gary McWilliams,1872,0.0007839429061751,PERSON,7,6,13,2
183,Elon Musk,11564,0.0048426900464796,PERSON,16,110,126,3
184,Shounak Dasgupta,1245,0.0005213722853568,PERSON,3,1,4,2
185,Rihanna,1458,0.0006105709173095,PERSON,2,6,8,3
186,Raissa Kasolowsky,1332,0.0005578055293938,PERSON,12,0,12,0
187,Alister Doyle,2112,0.0008844484069668,PERSON,5,19,24,0
188,Julia Love,1190,0.0004983397747587,PERSON,0,9,9,2
189,Caroline Stauffer,1476,0.0006181088298688,PERSON,4,7,11,2
190,Geert De Clercq,5829,0.0024410273504781,PERSON,8,30,38,0
191,Clarence Fernandez,10720,0.0044892457020288,PERSON,25,0,25,0
192,Cuomo,1785,0.0007475096621381,PERSON,9,13,22,1
193,Anthony Boadle,2808,0.0011759143592627,PERSON,1,22,23,2
194,Bernard Orr,1364,0.0005712062628327,PERSON,6,0,6,2
195,Jones,4841,0.0020272797055523,PERSON,15,19,34,1
196,Denis Pinchuk,2646,0.0011080731462283,PERSON,9,32,41,0
197,Lee,9165,0.0038380538114826,PERSON,8,24,32,3
198,Keith Weir,1880,0.0007872930895349,PERSON,20,0,20,0
199,Thomas Seythal,3172,0.0013283477021301,PERSON,11,10,21,0
200,Paul Tait,1702,0.000712751509781,PERSON,10,3,13,0
201,Marta Nogueira,1426,0.0005971701838706,PERSON,0,12,12,2
202,Marcelo Teixeira,2856,0.0011960154594211,PERSON,3,22,25,2
203,Alexis Akwagyiram,1160,0.0004857765871598,PERSON,0,10,10,0
204,Chao,1276,0.0005343542458758,PERSON,7,14,21,1
205,Dan Grebler,4480,0.0018761026814448,PERSON,21,0,21,2
206,Biden,16848,0.0070554861555766,PERSON,85,98,183,1
207,Sandra Maler,7189,0.003010558521631,PERSON,26,0,26,2
208,Davis,5432,0.0022747745012519,PERSON,6,20,26,3
209,Leigh Thomas,1365,0.0005716250357527,PERSON,6,9,15,0
210,Christoph Steitz,1739,0.0007282461078197,PERSON,6,11,17,0
211,Cal Fire,7224,0.0030252155738298,PERSON,2,12,14,1
212,Collins,2232,0.0009347011573627,PERSON,4,12,16,1
213,Steve Holland,1178,0.0004933144997192,PERSON,0,15,15,2
214,McConnell,5760,0.0024121320190005,PERSON,45,60,105,1
215,Steve Gorman,1365,0.0005716250357527,PERSON,0,14,14,2
216,James Dalgleish,2597,0.00108755327315,PERSON,13,0,13,2
217,James,3485,0.0014594236260793,PERSON,2,14,16,3
218,Josephine Mason,5307,0.0022224278862562,PERSON,2,30,32,0
219,Gareth Jones,4292,0.0017973733724913,PERSON,23,2,25,0
220,Falih,2990,0.0012521310306964,PERSON,1,8,9,3
221,Ross,6283,0.0026311502561424,PERSON,7,27,34,1
222,Stine Jacobsen,2856,0.0011960154594211,PERSON,2,24,26,0
223,Barclays,1134,0.0004748884912407,PERSON,5,10,15,3
224,Gore,3420,0.0014322033862815,PERSON,4,55,59,1
225,Tepco,1122,0.0004698632162011,PERSON,1,3,4,3
226,David Gaffen,2958,0.0012387302972575,PERSON,3,16,19,2
227,Richard Chang,2773,0.0011612573070639,PERSON,10,0,10,2
228,Pritha Sarkar,1650,0.0006909753179428,PERSON,9,0,9,0
229,McCarthy,3201,0.0013404921168091,PERSON,9,48,57,1
230,Aaron Sheldrick,2240,0.0009380513407224,PERSON,3,12,15,0
231,Alexandra Ulmer,1517,0.0006352785195874,PERSON,1,18,19,2
232,Bolton,1176,0.0004924769538792,PERSON,10,26,36,1
233,Alison Williams,1426,0.0005971701838706,PERSON,14,0,14,0
234,Emma Thomasson,1794,0.0007512786184178,PERSON,4,16,20,0
235,Mark Heinrich,10579,0.0044301987203137,PERSON,47,0,47,0
236,Murphy,1674,0.000701025868022,PERSON,2,5,7,3
237,Barbara Lewis,3120,0.0013065715102919,PERSON,13,14,27,0
238,Matthew,5217,0.0021847383234593,PERSON,1,6,7,1
239,Bill Clinton,1269,0.000531422835436,PERSON,8,12,20,1
240,Ahmad Ghaddar,2068,0.0008660223984883,PERSON,4,22,26,0
241,Flynn,1485,0.0006218777861485,PERSON,22,20,42,1
242,Steve Scherer,1794,0.0007512786184178,PERSON,2,15,17,0
243,Joseph Radford,1650,0.0006909753179428,PERSON,10,0,10,0
244,Warren,3768,0.0015779363624295,PERSON,26,46,72,1
245,David Stamp,1596,0.0006683615802647,PERSON,15,0,15,0
246,Alexandra Hudson,1122,0.0004698632162011,PERSON,11,1,12,0
247,Kilauea,1364,0.0005712062628327,PERSON,1,2,3,1
248,David Alire Garcia,1932,0.0008090692813731,PERSON,2,16,18,2
249,Cramer,3325,0.0013924199588848,PERSON,18,25,43,1
250,Petrobras,3690,0.0015452720746722,PERSON,14,3,17,3
251,Pompeo,4173,0.0017475393950155,PERSON,20,34,54,1
252,Gazprom,1989,0.0008329393378111,PERSON,11,11,22,3
253,Brent,13566,0.0056810734322502,PERSON,28,20,48,3
254,Martin,1300,0.0005444047959549,PERSON,1,14,15,3
255,Austin,1254,0.0005251412416365,PERSON,21,9,30,3
256,Wallace,1148,0.0004807513121202,PERSON,8,7,15,1
257,Andrea Shalal,1755,0.0007349464745392,PERSON,4,24,28,0
258,Thomas Escritt,4158,0.001741257801216,PERSON,13,26,39,0
259,Kim Coghill,1386,0.000580419267072,PERSON,9,1,10,0
260,Jake Spring,1845,0.0007726360373361,PERSON,3,12,15,2
261,David Ljunggren,2448,0.0010251561080752,PERSON,1,23,24,2
262,Nelson,2345,0.0009820224973188,PERSON,8,18,26,1
263,John,1479,0.0006193651486287,PERSON,1,8,9,1
264,Janet Lawrence,1924,0.0008057190980133,PERSON,17,0,17,0
265,Peter,1560,0.0006532857551459,PERSON,4,10,14,1
266,Keystone XL,2380,0.0009966795495175,PERSON,29,2,31,1
267,Mayank Bhardwaj,1184,0.000495827137239,PERSON,0,10,10,0
268,Thomas,1479,0.0006193651486287,PERSON,0,1,1,3
269,Florence Tan,1395,0.0005841882233516,PERSON,4,7,11,0
270,Carter,1344,0.0005628308044334,PERSON,1,19,20,1
271,Michael Nienaber,1443,0.00060428932351,PERSON,5,15,20,0
272,Roberts,1470,0.0006155961923491,PERSON,17,13,30,3
273,Michael Hogan,1216,0.0005092278706778,PERSON,1,21,22,0
274,Jon Boyle,1147,0.0004803325392002,PERSON,9,0,9,0
275,Vera Eckert,2460,0.0010301813831148,PERSON,1,22,23,0
276,Scott,9312,0.0038996134307175,PERSON,52,29,81,1
277,Martyn Herman,1632,0.0006834374053834,PERSON,1,12,13,0
278,Sarah Young,1476,0.0006181088298688,PERSON,9,15,24,0
279,Santos,2816,0.0011792645426225,PERSON,6,5,11,3
280,Henning Gloystein,1960,0.0008207949231321,PERSON,5,15,20,0
281,Glencore,4416,0.0018493012145671,PERSON,5,3,8,3
282,Jessica Jaganathan,1640,0.0006867875887432,PERSON,2,23,25,0
283,Graham,2432,0.0010184557413557,PERSON,2,40,42,1
284,Bezos,5720,0.0023953811022019,PERSON,16,45,61,1
285,Maria Tsvetkova,1680,0.0007035385055418,PERSON,10,17,27,0
286,Gram Slattery,1406,0.0005887947254713,PERSON,3,15,18,2
287,Harris,4841,0.0020272797055523,PERSON,11,26,37,3
288,Maher Chmaytelli,2107,0.000882354542367,PERSON,3,13,16,0
289,Aidan Lewis,2750,0.0011516255299047,PERSON,2,21,23,0
290,Clark,2394,0.0010025423703971,PERSON,4,12,16,1
291,Allen,1836,0.0007688670810564,PERSON,2,5,7,3
292,Andreas Cremer,2544,0.0010653583083919,PERSON,0,23,23,0
293,Sinopec,3838,0.0016072504668271,PERSON,6,6,12,3
294,Merkel,4158,0.001741257801216,PERSON,34,19,53,1
295,Tom Brown,2378,0.0009958420036776,PERSON,7,1,8,2
296,Nerijus Adomaitis,1914,0.0008015313688137,PERSON,7,11,18,0
297,Peter Cooney,1768,0.0007403905224987,PERSON,9,0,9,2
298,Takata,1512,0.0006331846549876,PERSON,4,2,6,3
299,Fitch,4332,0.00181412428929,PERSON,1,2,3,1
300,Thunberg,4750,0.0019891713698355,PERSON,32,49,81,1
301,Harry,1624,0.0006800872220237,PERSON,1,1,2,3
302,Coachella,1364,0.0005712062628327,PERSON,5,5,10,3
303,Trafigura,1992,0.000834195656571,PERSON,2,6,8,3
304,Chris Reese,1728,0.0007236396057001,PERSON,9,0,9,2
305,Cameron,1400,0.0005862820879515,PERSON,19,10,29,1
306,Andrei Khalip,1443,0.00060428932351,PERSON,0,16,16,0
307,Shri Navaratnam,1763,0.0007382966578989,PERSON,7,0,7,0
308,Bill Gates,1426,0.0005971701838706,PERSON,0,13,13,1
309,Maria Sheahan,3808,0.0015946872792281,PERSON,17,10,27,0
310,Rubio,1456,0.0006097333714695,PERSON,32,42,74,1
311,Andrew Cawthorne,1184,0.000495827137239,PERSON,5,9,14,2
312,Hill,2125,0.0008898924549264,PERSON,6,11,17,3
313,Kim Jong Un,1248,0.0005226286041167,PERSON,17,12,29,1
314,Snyder,1378,0.0005770690837122,PERSON,19,11,30,1
315,Harvey,15028,0.0062933194412396,PERSON,102,110,212,1
316,Luc Cohen,1462,0.0006122460089893,PERSON,3,8,11,2
317,Toby Davis,1288,0.0005393795209154,PERSON,7,0,7,0
318,Kennedy,1984,0.0008308454732113,PERSON,4,13,17,1
319,Fergus Jensen,2688,0.0011256616088669,PERSON,2,22,24,0
320,Jack,1176,0.0004924769538792,PERSON,2,8,10,3
321,Juul,5320,0.0022278719342158,PERSON,8,8,16,1
322,Simon Cameron-Moore,1728,0.0007236396057001,PERSON,12,0,12,0
323,Tillerson,3666,0.001535221524593,PERSON,47,80,127,1
324,Branson,1122,0.0004698632162011,PERSON,0,10,10,3
325,Alexander Winning,2684,0.001123986517187,PERSON,8,24,32,0
326,Dmitry Solovyov,2067,0.0008656036255684,PERSON,19,15,34,0
327,Kenneth Maxwell,3534,0.0014799434991576,PERSON,18,0,18,0
328,Murray,1200,0.0005025275039584,PERSON,8,36,44,1
329,Smith,6399,0.0026797279148584,PERSON,14,51,65,1
330,Megan Rowling,1140,0.0004774011287605,PERSON,2,5,7,0
331,Ros Russell,1458,0.0006105709173095,PERSON,5,2,7,0
332,Hurricane Harvey,5390,0.0022571860386133,PERSON,102,90,192,1
333,Nidhi Verma,2912,0.0012194667429391,PERSON,2,26,28,0
334,Tatiana Bautzer,1800,0.0007537912559376,PERSON,2,18,20,2
335,Morrison,2210,0.0009254881531234,PERSON,3,5,8,1
336,Coal,2940,0.0012311923846982,PERSON,2,10,12,1
337,Obama,20972,0.0087825056775138,PERSON,164,255,419,1
338,Subhranshu Sahu,1170,0.0004899643163594,PERSON,7,0,7,0
339,Aislinn Laing,1131,0.0004736321724808,PERSON,1,13,14,2
340,Energy Transfer,1425,0.0005967514109506,PERSON,15,13,28,3
341,Greg Mahlich,2494,0.0010444196623936,PERSON,22,0,22,0
342,Andrew Torchia,1638,0.0006859500429032,PERSON,5,12,17,0
343,Bate Felix,1340,0.0005611557127536,PERSON,3,29,32,0
344,Nigeria,2277,0.0009535459387611,PERSON,29,20,49,3
345,Joe Biden,1357,0.000568274852393,PERSON,14,13,27,1
346,Gordon,2625,0.0010992789149091,PERSON,3,8,11,3
347,Mashable,9321,0.0039033823869972,PERSON,26,2,28,3
348,Equinor,1472,0.000616433738189,PERSON,4,5,9,3
349,Freeport,2516,0.0010536326666328,PERSON,1,1,2,3
350,Greenpeace,1320,0.0005527802543542,PERSON,19,28,47,3
351,Tesla,2764,0.0011574883507843,PERSON,406,268,674,3
352,the Thomson Reuters Foundation,38313,0.0072289020231227,ORG,24,1,25,3
353,the European Union,76760,0.0144830871843735,ORG,75,36,111,3
354,the White House,107420,0.0202680201321704,ORG,495,303,798,1
355,Reuters,343095,0.0647352110151463,ORG,234,203,437,3
356,NASA,77900,0.0146981825385969,ORG,87,111,198,1
357,Volkswagen,44370,0.0083717376025358,ORG,48,48,96,3
358,GM,35275,0.006655691772131,ORG,101,47,148,3
359,Exxon,48480,0.0091472129585516,ORG,45,47,92,3
360,Chevron,29848,0.0056317246779465,ORG,23,34,57,3
361,CNN,178997,0.0337731781753688,ORG,193,101,294,1
362,the Associated Press,14520,0.0027396355643187,ORG,18,7,25,1
363,Amazon,122511,0.0231153920537361,ORG,182,99,281,3
364,OPEC,156465,0.0295218373671574,ORG,354,80,434,3
365,Brent,17157,0.0032371850810617,ORG,28,20,48,3
366,the Washington Post,11524,0.0021743498790088,ORG,25,22,47,1
367,NAFTA,7920,0.0014943466714465,ORG,104,17,121,1
368,the Wall Street Journal,9272,0.00174944221435,ORG,25,11,36,3
369,Google,96995,0.0183010297218383,ORG,111,131,242,3
370,the Supreme Court,16717,0.0031541658215368,ORG,37,15,52,1
371,EPA,64008,0.0120770380992363,ORG,150,104,254,1
372,Goldman Sachs,16236,0.0030634106764654,ORG,12,41,53,3
373,BHP,9858,0.0018600087736262,ORG,11,6,17,3
374,The New York Times,38019,0.0071734300633493,ORG,47,46,93,1
375,State,31635,0.0059688960796984,ORG,64,93,157,1
376,Tesla,132672,0.0250325709083533,ORG,406,268,674,3
377,Congress,264400,0.0498870277689989,ORG,695,378,1073,1
378,FERC,13200,0.0024905777857442,ORG,49,14,63,1
379,Fox News,15504,0.0029252968174378,ORG,73,16,89,1
380,the United Nations,25200,0.0047547394091481,ORG,32,24,56,1
381,Ford,42206,0.007963433789782,ORG,67,69,136,3
382,FEMA,20468,0.0038619050089858,ORG,62,33,95,1
383,Aramco,9702,0.001830574672522,ORG,8,11,19,3
384,GE,9063,0.0017100080660757,ORG,7,3,10,3
385,EDF,16748,0.0031600149057306,ORG,6,13,19,3
386,The White House,23940,0.0045170024386907,ORG,6,145,151,1
387,the Federal Reserve,8060,0.0015207618903862,ORG,19,2,21,1
388,Shell,44100,0.0083207939660092,ORG,13,52,65,3
389,Samsung,9211,0.0017379327260977,ORG,17,18,35,3
390,PG&E,15128,0.0028543530865711,ORG,11,10,21,1
391,Fiat Chrysler,7986,0.0015067995603752,ORG,23,27,50,3
392,VW,26149,0.0049337968575323,ORG,26,32,58,3
393,the Justice Department,12483,0.0023552941287458,ORG,67,38,105,1
394,the Paris Agreement,18000,0.0033962424351058,ORG,360,42,402,1
395,Exxon Mobil,13452,0.0025381251798357,ORG,17,27,44,3
396,the New York Times,21356,0.0040294529691177,ORG,41,24,65,1
414,Microsoft,23256,0.0043879452261567,ORG,26,34,60,3
415,Boeing,14400,0.0027169939480846,ORG,28,21,49,3
416,Hurricane Harvey,16555,0.0031235996396209,ORG,102,90,192,1
417,Harvey,15028,0.0028354850730428,ORG,102,110,212,1
418,the State Department,11022,0.0020796324510964,ORG,40,26,66,1
419,ExxonMobil,8940,0.0016868004094358,ORG,23,24,47,3
420,CNBC,128586,0.0242616238755843,ORG,127,36,163,3
421,Rosneft,12740,0.0024037849235137,ORG,16,19,35,3
422,General Motors,10437,0.0019692545719555,ORG,21,20,41,3
423,Pemex,12765,0.0024085019268958,ORG,20,10,30,3
424,Nissan,13400,0.002528313812801,ORG,14,22,36,3
425,Royal Dutch Shell,11096,0.0020935947811074,ORG,15,12,27,3
426,EIA,8241,0.0015549129948726,ORG,6,0,6,3
427,BMW,14652,0.0027645413421761,ORG,16,15,31,3
428,NOAA,19053,0.0035949226175595,ORG,19,43,62,1
429,The Washington Post,21360,0.0040302076896589,ORG,37,41,78,1
430,the European Commission,17220,0.0032490719295845,ORG,11,26,37,3
431,the U.S. Energy Information Administration,8760,0.0016528379850848,ORG,7,1,8,3
432,Toyota,17666,0.003333223269921,ORG,16,46,62,3
433,Gizmodo,17618,0.0033241666234274,ORG,44,11,55,3
434,the International Energy Agency,11880,0.0022415200071698,ORG,9,11,20,3
435,Honda,7524,0.0014196293378742,ORG,21,10,31,3
436,Huawei,7500,0.0014151010146274,ORG,27,12,39,3
437,Capitol Hill,8280,0.0015622715201486,ORG,55,37,92,1
438,TransCanada,9180,0.0017320836419039,ORG,19,19,38,1
439,Trump,609600,0.115019410468917,ORG,3558,5187,8745,1
440,Uber,13930,0.0026283142845013,ORG,118,96,214,3
441,Daimler,8120,0.0015320826985032,ORG,6,36,42,3
442,the World Bank,8487,0.0016013283081524,ORG,4,4,8,3
443,BuzzFeed News,35890,0.0067717300553304,ORG,69,23,92,3
444,BP,32940,0.0062151236562436,ORG,12,30,42,3
445,the Shanghai Futures Exchange,12240,0.0023094448558719,ORG,0,0,0,4
446,the National Hurricane Center,10140,0.0019132165717762,ORG,18,32,50,1
447,Facebook,7850,0.0014811390619767,ORG,48,20,68,3
448,Instagram,25803,0.0048685135307242,ORG,39,18,57,3
449,Perry,13055,0.0024632191661281,ORG,192,228,420,1
450,NBC News,11844,0.0022347275222996,ORG,21,11,32,1
451,Netflix,11767,0.0022201991518827,ORG,18,25,43,3
452,TechCrunch,8820,0.0016641587932018,ORG,20,23,43,3
453,1.5C,40,0.0002,PRODUCT,2,1,3,1
454,Air Force One,1395,0.0090670375810833,PRODUCT,39,6,45,1
455,BuzzFeed,848,0.0055117189023359,PRODUCT,5,2,7,1
456,Cole,345,0.002,PRODUCT,0,10,10,1
457,Cushing,825,0.0053622265264471,PRODUCT,0,2,2,3
458,Q3,736,0.0047837560284425,PRODUCT,8,4,12,0
459,Saturn,918,0.0059666956985193,PRODUCT,2,2,4,1
460,Twitter,127080,0.825977875128368,PRODUCT,896,234,1130,1
461,Waymo,5750,0.0373730939722074,PRODUCT,24,29,53,3
462,West Texas Intermediate,760,0.0049397480728482,PRODUCT,1,2,3,3
463,Fahrenheit,4982,0.0993538608806637,WOA,4,5,9,3
464,Nature,817,0.0162930759412891,WOA,0,11,11,1
465,Trump,30480,0.607849393746011,WOA,3558,5187,8745,1
466,the Nobel Peace Prize,900,0.0179483088704531,WOA,14,2,16,1
467,Democrats,162855,0.357546670647823,NORP,445,744,1189,1
468,Republicans,122853,0.269722643634503,NORP,378,415,793,1
469,Hurricane Florence,6567,0.0581381966269753,EVENT,16,19,35,1
470,Hurricane Harvey,7700,0.0681687397636227,EVENT,102,90,192,1
471,Hurricane Irma,24924,0.220654242840069,EVENT,38,16,54,1
472,Hurricane Katrina,10872,0.0962507193130007,EVENT,30,17,47,1
473,Hurricane Maria,13230,0.117126289230224,EVENT,32,22,54,1
474,Hurricane Sandy,5136,0.045469434730645,EVENT,5,3,8,1
475,Katrina,5406,0.0478597671639148,EVENT,39,10,49,1
476,the Paris Agreement,8400,0.074365897923952,EVENT,360,42,402,1
